court,date,filings,court_mean_daily,court_stdev,z_score
mowbk,2005-10-14,198,5.4,5.5,35.18
ksbk,2005-10-14,153,5.2,4.8,31.08
mowbk,2005-10-15,174,5.4,5.5,30.8
ksbk,2005-10-15,147,5.2,4.8,29.82
vaebk,2012-10-18,40,1.3,1.3,29.07
txnbk,2025-07-09,137,1.7,5.6,24.04
flsbk,2005-10-14,184,5.5,7.5,23.68
txsbk,2005-10-15,159,4.3,6.9,22.31
ksbk,2005-10-13,105,5.2,4.8,20.98
txsbk,2005-10-14,145,4.3,6.9,20.29
ohsbk,2025-08-05,19,1.2,0.9,19.71
mdbk,1996-12-27,18,1.2,0.9,19.04
mowbk,2005-10-12,103,5.4,5.5,17.83
kyebk,2009-09-09,17,1.3,0.9,17.6
txsbk,2004-11-01,126,4.3,6.9,17.55
ksbk,2005-10-12,86,5.2,4.8,16.99
alnbk,2025-09-18,11,1.2,0.6,15.23
txsbk,2005-01-03,109,4.3,6.9,15.1
almbk,2017-01-30,9,1.2,0.5,14.24
mdbk,2011-07-21,13,1.2,0.9,13.38
txsbk,2003-03-03,97,4.3,6.9,13.37
tnwbk,2005-10-15,14,1.4,1.0,13.27
txsbk,2005-10-16,93,4.3,6.9,12.79
mowbk,2005-10-13,73,5.4,5.5,12.34
ilnbk,1999-04-21,66,2.9,5.3,11.81
txsbk,2005-08-01,85,4.3,6.9,11.64
ksbk,2005-10-16,60,5.2,4.8,11.52
mabk,2005-10-12,40,2.1,3.3,11.46
txsbk,2003-06-02,83,4.3,6.9,11.35
innbk,2024-06-25,9,1.3,0.7,11.31
txsbk,2004-03-01,82,4.3,6.9,11.21
txsbk,2003-12-01,81,4.3,6.9,11.06
vaebk,2011-02-03,16,1.3,1.3,11.06
ncebk,2024-10-04,8,1.2,0.6,10.96
txsbk,2003-02-03,80,4.3,6.9,10.92
kyebk,2009-09-10,11,1.3,0.9,10.88
kyebk,2019-12-31,11,1.3,0.9,10.88
flsbk,2003-04-23,84,5.5,7.5,10.42
flmbk,2025-05-30,19,2.0,1.6,10.38
ilnbk,1998-09-16,58,2.9,5.3,10.31
gambk,2010-05-04,2,1.0,0.1,10.2
tnwbk,2003-08-13,11,1.4,1.0,10.12
flmbk,2025-08-29,18,2.0,1.6,9.77
flsbk,2010-06-21,79,5.5,7.5,9.75
mabk,2009-02-28,34,2.1,3.3,9.65
ilnbk,1999-04-28,53,2.9,5.3,9.38
nysbk,2016-06-30,17,1.3,1.7,9.27
nyebk,2005-10-13,24,2.5,2.3,9.21
flsbk,2005-10-13,74,5.5,7.5,9.09
alnbk,2020-10-29,7,1.2,0.6,9.0
ganbk,2024-05-07,11,1.5,1.1,8.95
miebk,2013-10-07,7,1.3,0.7,8.79
miebk,2024-08-02,7,1.3,0.7,8.79
almbk,2025-08-29,6,1.2,0.5,8.76
txsbk,2003-09-01,65,4.3,6.9,8.76
txsbk,2004-01-05,65,4.3,6.9,8.76
txsbk,2004-04-05,65,4.3,6.9,8.76
txsbk,2004-08-02,65,4.3,6.9,8.76
txsbk,2004-10-04,65,4.3,6.9,8.76
flsbk,2001-05-07,71,5.5,7.5,8.69
ilnbk,1999-04-14,49,2.9,5.3,8.63
txsbk,2003-08-01,64,4.3,6.9,8.61
txsbk,2004-07-01,64,4.3,6.9,8.61
txnbk,2025-07-10,50,1.7,5.6,8.58
ksbk,2005-10-11,46,5.2,4.8,8.58
caebk,2005-10-16,9,1.4,0.9,8.57
flsbk,2020-09-18,70,5.5,7.5,8.56
casbk,1996-10-15,2,1.0,0.1,8.49
txsbk,2002-08-02,63,4.3,6.9,8.47
ilnbk,1999-02-10,48,2.9,5.3,8.44
innbk,2025-03-31,7,1.3,0.7,8.37
txsbk,2004-12-06,62,4.3,6.9,8.32
ilnbk,1998-04-08,47,2.9,5.3,8.25
ilnbk,1998-09-09,47,2.9,5.3,8.25
ilnbk,1998-11-25,47,2.9,5.3,8.25
ilnbk,1999-05-27,47,2.9,5.3,8.25
scbk,2023-03-21,5,1.2,0.5,8.21
mowbk,2005-09-28,50,5.4,5.5,8.14
ilnbk,1999-03-24,46,2.9,5.3,8.07
txsbk,2004-02-02,60,4.3,6.9,8.04
tnwbk,2003-08-15,9,1.4,1.0,8.01
flmbk,2025-11-25,15,2.0,1.6,7.94
mowbk,2005-10-05,48,5.4,5.5,7.78
mowbk,2005-10-16,48,5.4,5.5,7.78
flsbk,2001-03-12,64,5.5,7.5,7.76
txsbk,2002-09-02,58,4.3,6.9,7.75
txsbk,2002-11-01,58,4.3,6.9,7.75
txsbk,2003-01-03,58,4.3,6.9,7.75
ncebk,2021-07-07,6,1.2,0.6,7.74
mdbk,2018-09-06,8,1.2,0.9,7.71
txnbk,2025-12-04,45,1.7,5.6,7.7
ilnbk,1998-08-12,44,2.9,5.3,7.69
ilnbk,1999-03-31,44,2.9,5.3,7.69
njbk,2025-07-31,9,1.6,1.0,7.6
txsbk,2001-04-02,57,4.3,6.9,7.6
txsbk,2002-12-02,57,4.3,6.9,7.6
txsbk,2005-10-01,57,4.3,6.9,7.6
wiebk,2003-05-01,11,1.7,1.2,7.56
arebk,2025-04-07,4,1.1,0.4,7.51
arebk,2026-02-11,4,1.1,0.4,7.51
ilnbk,1998-04-22,43,2.9,5.3,7.51
ilnbk,1999-05-05,43,2.9,5.3,7.51
flsbk,2001-11-19,62,5.5,7.5,7.5
flsbk,2002-06-10,62,5.5,7.5,7.5
moebk,2003-01-15,14,1.9,1.6,7.46
moebk,2005-10-13,14,1.9,1.6,7.46
flsbk,2001-04-30,61,5.5,7.5,7.36
flmbk,2025-05-29,14,2.0,1.6,7.33
flmbk,2025-09-30,14,2.0,1.6,7.33
ilnbk,1998-07-01,42,2.9,5.3,7.32
ilnbk,1999-12-23,42,2.9,5.3,7.32
txsbk,2004-02-01,55,4.3,6.9,7.31
wiwbk,2016-05-31,3,1.1,0.3,7.31
miebk,2019-03-20,6,1.3,0.7,7.25
flsbk,2001-04-23,60,5.5,7.5,7.23
txsbk,2002-07-01,54,4.3,6.9,7.17
txsbk,2005-10-13,54,4.3,6.9,7.17
ilnbk,1999-03-03,41,2.9,5.3,7.13
okwbk,1998-12-18,2,1.0,0.1,7.11
okwbk,2000-06-16,2,1.0,0.1,7.11
ksbk,2025-11-14,39,5.2,4.8,7.1
flsbk,2001-07-02,59,5.5,7.5,7.1
ganbk,2022-02-18,9,1.5,1.1,7.07
ganbk,2024-05-06,9,1.5,1.1,7.07
ganbk,2024-06-04,9,1.5,1.1,7.07
ganbk,2025-03-04,9,1.5,1.1,7.07
paebk,2024-05-02,7,1.4,0.8,7.01
ilsbk,2023-08-22,2,1.0,0.1,7.0
flsbk,2001-06-18,58,5.5,7.5,6.97
flsbk,2002-07-09,58,5.5,7.5,6.97
tnwbk,2003-07-17,8,1.4,1.0,6.96
ilnbk,1998-05-13,40,2.9,5.3,6.94
ilnbk,1998-06-03,40,2.9,5.3,6.94
ilnbk,1998-11-04,40,2.9,5.3,6.94
mabk,2005-10-14,25,2.1,3.3,6.92
ksbk,2005-10-06,38,5.2,4.8,6.89
txsbk,2004-05-03,52,4.3,6.9,6.88
flsbk,2001-04-09,57,5.5,7.5,6.83
flsbk,2003-04-04,57,5.5,7.5,6.83
flsbk,2003-05-02,57,5.5,7.5,6.83
flsbk,2024-10-31,57,5.5,7.5,6.83
ilnbk,1998-06-24,39,2.9,5.3,6.76
ilnbk,1999-03-10,39,2.9,5.3,6.76
txsbk,2004-08-01,51,4.3,6.9,6.74
txsbk,2005-03-01,51,4.3,6.9,6.74
txsbk,2005-04-01,51,4.3,6.9,6.74
mnbk,2012-02-08,4,1.2,0.4,6.73
arwbk,2002-11-12,4,1.1,0.4,6.72
arwbk,2003-02-25,4,1.1,0.4,6.72
arwbk,2003-08-09,4,1.1,0.4,6.72
flsbk,2001-03-19,56,5.5,7.5,6.7
flsbk,2001-11-05,56,5.5,7.5,6.7
ksbk,2005-09-14,37,5.2,4.8,6.68
nebk,1989-12-20,2,1.0,0.1,6.6
nebk,1990-01-16,2,1.0,0.1,6.6
njbk,2025-02-28,8,1.6,1.0,6.58
flsbk,2001-01-16,55,5.5,7.5,6.57
flsbk,2014-10-03,55,5.5,7.5,6.57
cacbk,2005-10-14,14,2.4,1.8,6.56
cacbk,2018-11-30,14,2.4,1.8,6.56
insbk,2018-12-11,6,1.4,0.7,6.52
insbk,2024-07-31,6,1.4,0.7,6.52
insbk,2025-02-28,6,1.4,0.7,6.52
mowbk,2005-09-21,41,5.4,5.5,6.5
txsbk,2000-10-02,49,4.3,6.9,6.45
txsbk,2005-06-06,49,4.3,6.9,6.45
txsbk,2006-10-02,49,4.3,6.9,6.45
flsbk,2001-05-21,54,5.5,7.5,6.44
flsbk,2001-10-29,54,5.5,7.5,6.44
flsbk,2002-10-15,54,5.5,7.5,6.44
ilnbk,1998-12-16,37,2.9,5.3,6.38
ohnbk,1990-03-15,13,2.0,1.7,6.32
mowbk,2005-10-10,40,5.4,5.5,6.32
flsbk,2001-07-30,53,5.5,7.5,6.3
flsbk,2001-10-09,53,5.5,7.5,6.3
wawbk,2010-12-30,2,1.0,0.2,6.25
ilnbk,1998-08-26,36,2.9,5.3,6.2
ilnbk,1999-01-20,36,2.9,5.3,6.2
flsbk,2001-09-17,52,5.5,7.5,6.17
flsbk,2002-03-08,52,5.5,7.5,6.17
miwbk,1993-10-15,2,1.0,0.2,6.17
ganbk,2023-12-29,8,1.5,1.1,6.13
ncebk,2019-08-01,5,1.2,0.6,6.12
ncebk,2024-09-20,5,1.2,0.6,6.12
ncebk,2025-05-05,5,1.2,0.6,6.12
ncebk,2026-01-16,5,1.2,0.6,6.12
ncmbk,2025-11-19,6,1.3,0.8,6.11
ncmbk,2025-11-26,6,1.3,0.8,6.11
ncmbk,2025-12-12,6,1.3,0.8,6.11
flmbk,2005-10-14,12,2.0,1.6,6.11
scbk,2019-03-18,4,1.2,0.5,6.07
scbk,2020-01-28,4,1.2,0.5,6.07
scbk,2025-07-15,4,1.2,0.5,6.07
flsbk,2001-01-22,51,5.5,7.5,6.04
flsbk,2001-01-29,51,5.5,7.5,6.04
flsbk,2001-08-20,51,5.5,7.5,6.04
flsbk,2001-11-13,51,5.5,7.5,6.04
flsbk,2002-10-29,51,5.5,7.5,6.04
flsbk,2003-02-14,51,5.5,7.5,6.04
flsbk,2003-03-28,51,5.5,7.5,6.04
txsbk,2000-09-01,46,4.3,6.9,6.02
txsbk,2002-05-03,46,4.3,6.9,6.02
mabk,2005-10-07,22,2.1,3.3,6.01
ilnbk,1998-01-28,35,2.9,5.3,6.01
ilnbk,1999-05-12,35,2.9,5.3,6.01
cacbk,2015-03-20,13,2.4,1.8,6.0
cacbk,2016-08-24,13,2.4,1.8,6.0
mowbk,2007-08-29,38,5.4,5.5,5.95
wiebk,2003-04-25,9,1.7,1.2,5.94
tnwbk,2003-07-01,7,1.4,1.0,5.91
tnwbk,2003-11-25,7,1.4,1.0,5.91
tnwbk,2003-12-02,7,1.4,1.0,5.91
tnwbk,2004-02-11,7,1.4,1.0,5.91
tnwbk,2004-11-20,7,1.4,1.0,5.91
flsbk,2001-04-02,50,5.5,7.5,5.91
flsbk,2001-05-14,50,5.5,7.5,5.91
flsbk,2001-10-01,50,5.5,7.5,5.91
flsbk,2001-10-22,50,5.5,7.5,5.91
flsbk,2001-12-10,50,5.5,7.5,5.91
flsbk,2003-02-10,50,5.5,7.5,5.91
wvnbk,2000-12-11,3,1.1,0.3,5.89
txsbk,2003-08-04,45,4.3,6.9,5.87
txsbk,2003-11-03,45,4.3,6.9,5.87
txsbk,2004-07-05,45,4.3,6.9,5.87
txsbk,2004-09-03,45,4.3,6.9,5.87
kywbk,2020-01-31,4,1.2,0.5,5.85
ksbk,2004-08-31,33,5.2,4.8,5.84
ksbk,2014-03-27,33,5.2,4.8,5.84
debk,2013-06-10,2,1.0,0.2,5.83
ilnbk,1998-07-15,34,2.9,5.3,5.82
ilnbk,1998-07-29,34,2.9,5.3,5.82
ilnbk,1998-11-12,34,2.9,5.3,5.82
flnbk,2003-11-20,3,1.1,0.3,5.81
flnbk,2019-01-22,3,1.1,0.3,5.81
flnbk,2019-03-01,3,1.1,0.3,5.81
flnbk,2019-11-01,3,1.1,0.3,5.81
flsbk,2001-08-13,49,5.5,7.5,5.77
flsbk,2002-04-15,49,5.5,7.5,5.77
flsbk,2003-01-21,49,5.5,7.5,5.77
flsbk,2024-11-15,49,5.5,7.5,5.77
paebk,2019-11-07,6,1.4,0.8,5.75
paebk,2023-11-11,6,1.4,0.8,5.75
paebk,2024-05-01,6,1.4,0.8,5.75
paebk,2024-12-06,6,1.4,0.8,5.75
paebk,2025-01-17,6,1.4,0.8,5.75
paebk,2025-06-02,6,1.4,0.8,5.75
paebk,2025-09-08,6,1.4,0.8,5.75
paebk,2026-01-21,6,1.4,0.8,5.75
txsbk,2002-04-01,44,4.3,6.9,5.73
txsbk,2003-05-02,44,4.3,6.9,5.73
txsbk,2005-10-03,44,4.3,6.9,5.73
miebk,2016-09-25,5,1.3,0.7,5.72
miebk,2017-03-31,5,1.3,0.7,5.72
miebk,2018-08-24,5,1.3,0.7,5.72
miebk,2019-07-12,5,1.3,0.7,5.72
miebk,2025-02-28,5,1.3,0.7,5.72
flsbk,2000-12-11,48,5.5,7.5,5.64
flsbk,2000-12-18,48,5.5,7.5,5.64
flsbk,2001-03-05,48,5.5,7.5,5.64
flsbk,2001-08-06,48,5.5,7.5,5.64
flsbk,2001-11-26,48,5.5,7.5,5.64
flsbk,2002-01-28,48,5.5,7.5,5.64
flsbk,2024-11-27,48,5.5,7.5,5.64
ilnbk,1998-05-20,33,2.9,5.3,5.63
ilnbk,1998-06-10,33,2.9,5.3,5.63
ilnbk,1998-10-07,33,2.9,5.3,5.63
ilnbk,1999-02-17,33,2.9,5.3,5.63
ilnbk,1999-03-17,33,2.9,5.3,5.63
ilnbk,1999-04-07,33,2.9,5.3,5.63
ilnbk,2000-02-17,33,2.9,5.3,5.63
moebk,2003-05-07,11,1.9,1.6,5.61
mowbk,2005-10-11,36,5.4,5.5,5.59
txsbk,2003-10-03,43,4.3,6.9,5.58
njbk,2025-12-09,7,1.6,1.0,5.55
flsbk,2001-06-25,47,5.5,7.5,5.51
flsbk,2002-11-08,47,5.5,7.5,5.51
flsbk,2003-03-18,47,5.5,7.5,5.51
flsbk,2024-10-25,47,5.5,7.5,5.51
flmbk,2010-02-08,11,2.0,1.6,5.5
flmbk,2025-06-20,11,2.0,1.6,5.5
flmbk,2025-06-30,11,2.0,1.6,5.5
flmbk,2025-10-30,11,2.0,1.6,5.5
flmbk,2026-01-30,11,2.0,1.6,5.5
ilnbk,1998-04-15,32,2.9,5.3,5.45
ilnbk,1998-07-08,32,2.9,5.3,5.45
ilnbk,1998-12-23,32,2.9,5.3,5.45
txsbk,2003-05-05,42,4.3,6.9,5.44
txsbk,2004-04-02,42,4.3,6.9,5.44
txsbk,2005-04-04,42,4.3,6.9,5.44
ctbk,1987-05-06,3,1.1,0.3,5.43
innbk,2024-05-31,5,1.3,0.7,5.43
ksbk,2005-09-28,31,5.2,4.8,5.42
mabk,2005-10-15,20,2.1,3.3,5.41
flsbk,2001-02-26,46,5.5,7.5,5.38
flsbk,2001-07-23,46,5.5,7.5,5.38
flsbk,2002-01-14,46,5.5,7.5,5.38
flsbk,2002-09-03,46,5.5,7.5,5.38
flsbk,2003-05-09,46,5.5,7.5,5.38
flsbk,2003-05-13,46,5.5,7.5,5.38
txsbk,2002-09-27,41,4.3,6.9,5.29
txsbk,2003-06-27,41,4.3,6.9,5.29
txsbk,2005-02-01,41,4.3,6.9,5.29
kyebk,2013-02-19,6,1.3,0.9,5.28
kyebk,2023-11-30,6,1.3,0.9,5.28
ilnbk,1998-07-22,31,2.9,5.3,5.26
ilnbk,1998-11-18,31,2.9,5.3,5.26
ilnbk,1999-10-07,31,2.9,5.3,5.26
flsbk,2001-02-05,45,5.5,7.5,5.24
flsbk,2002-06-28,45,5.5,7.5,5.24
flsbk,2003-05-06,45,5.5,7.5,5.24
mowbk,2014-03-31,34,5.4,5.5,5.22
ksbk,2005-10-05,30,5.2,4.8,5.21
nvbk,2012-01-28,5,1.3,0.7,5.2
nvbk,2013-06-21,5,1.3,0.7,5.2
nvbk,2013-07-30,5,1.3,0.7,5.2
ganbk,2025-05-05,7,1.5,1.1,5.19
caebk,1999-02-03,6,1.4,0.9,5.18
ohnbk,2003-02-28,11,2.0,1.7,5.17
ohnbk,2003-04-02,11,2.0,1.7,5.17
ohnbk,2003-06-04,11,2.0,1.7,5.17
ohnbk,2003-12-31,11,2.0,1.7,5.17
txsbk,1997-01-06,40,4.3,6.9,5.15
txsbk,2005-09-02,40,4.3,6.9,5.15
wiebk,2003-03-20,8,1.7,1.2,5.13
almbk,2025-01-20,4,1.2,0.5,5.11
almbk,2025-07-17,4,1.2,0.5,5.11
almbk,2025-08-07,4,1.2,0.5,5.11
flsbk,2000-11-20,44,5.5,7.5,5.11
flsbk,2001-06-04,44,5.5,7.5,5.11
flsbk,2002-01-22,44,5.5,7.5,5.11
flsbk,2002-05-21,44,5.5,7.5,5.11
flsbk,2003-01-31,44,5.5,7.5,5.11
insbk,2017-04-24,5,1.4,0.7,5.11
insbk,2023-09-08,5,1.4,0.7,5.11
insbk,2024-05-30,5,1.4,0.7,5.11
mabk,2005-10-16,19,2.1,3.3,5.11
mabk,2008-09-30,19,2.1,3.3,5.11
mabk,2009-02-10,19,2.1,3.3,5.11
ilnbk,1998-06-17,30,2.9,5.3,5.07
ilnbk,1998-09-02,30,2.9,5.3,5.07
ilnbk,1999-02-03,30,2.9,5.3,5.07
vaebk,2017-06-16,8,1.3,1.3,5.06
mowbk,2005-09-14,33,5.4,5.5,5.04
mowbk,2005-10-06,33,5.4,5.5,5.04
txsbk,2003-11-01,39,4.3,6.9,5.01
txsbk,2005-05-01,39,4.3,6.9,5.01
flsbk,2001-04-16,43,5.5,7.5,4.98
flsbk,2001-06-11,43,5.5,7.5,4.98
flsbk,2001-09-24,43,5.5,7.5,4.98
flsbk,2002-03-04,43,5.5,7.5,4.98
flsbk,2003-04-08,43,5.5,7.5,4.98
arebk,2017-03-02,3,1.1,0.4,4.91
arebk,2017-06-09,3,1.1,0.4,4.91
arebk,2019-06-21,3,1.1,0.4,4.91
arebk,2025-04-14,3,1.1,0.4,4.91
arebk,2025-07-14,3,1.1,0.4,4.91
ilnbk,1998-02-04,29,2.9,5.3,4.89
ilnbk,1998-02-11,29,2.9,5.3,4.89
ilnbk,1998-08-19,29,2.9,5.3,4.89
ilnbk,1998-09-23,29,2.9,5.3,4.89
ilnbk,1999-05-19,29,2.9,5.3,4.89
flmbk,2005-10-13,10,2.0,1.6,4.89
flmbk,2005-10-15,10,2.0,1.6,4.89
flmbk,2025-07-31,10,2.0,1.6,4.89
cacbk,2015-02-27,11,2.4,1.8,4.87
cacbk,2018-05-31,11,2.4,1.8,4.87
txsbk,2006-06-05,38,4.3,6.9,4.86
tnwbk,2003-03-10,6,1.4,1.0,4.86
tnwbk,2003-07-11,6,1.4,1.0,4.86
tnwbk,2003-08-27,6,1.4,1.0,4.86
tnwbk,2003-09-23,6,1.4,1.0,4.86
tnwbk,2003-10-15,6,1.4,1.0,4.86
tnwbk,2004-01-06,6,1.4,1.0,4.86
tnwbk,2019-11-27,6,1.4,1.0,4.86
flsbk,2000-12-04,42,5.5,7.5,4.84
flsbk,2001-02-20,42,5.5,7.5,4.84
flsbk,2001-03-26,42,5.5,7.5,4.84
flsbk,2009-07-30,42,5.5,7.5,4.84
flsbk,2015-03-18,42,5.5,7.5,4.84
flsbk,2018-09-15,42,5.5,7.5,4.84
flsbk,2024-10-18,42,5.5,7.5,4.84
ncmbk,2025-12-10,5,1.3,0.8,4.82
ncmbk,2025-12-19,5,1.3,0.8,4.82
ksbk,2005-10-10,28,5.2,4.8,4.79
ksbk,2019-07-31,28,5.2,4.8,4.79
txsbk,2005-02-28,37,4.3,6.9,4.72
flsbk,2000-12-26,41,5.5,7.5,4.71
flsbk,2002-02-26,41,5.5,7.5,4.71
flsbk,2002-04-30,41,5.5,7.5,4.71
flsbk,2002-05-28,41,5.5,7.5,4.71
flsbk,2002-11-12,41,5.5,7.5,4.71
flsbk,2003-03-14,41,5.5,7.5,4.71
flsbk,2024-11-22,41,5.5,7.5,4.71
ilnbk,1998-08-05,28,2.9,5.3,4.7
ilnbk,1998-12-09,28,2.9,5.3,4.7
ohnbk,1991-09-16,10,2.0,1.7,4.59
ohnbk,2003-06-10,10,2.0,1.7,4.59
ohnbk,2006-06-13,10,2.0,1.7,4.59
ksbk,2005-08-23,27,5.2,4.8,4.58
ksbk,2005-09-29,27,5.2,4.8,4.58
ksbk,2008-07-31,27,5.2,4.8,4.58
flsbk,2001-01-08,40,5.5,7.5,4.58
flsbk,2001-02-12,40,5.5,7.5,4.58
flsbk,2001-06-20,40,5.5,7.5,4.58
flsbk,2001-09-10,40,5.5,7.5,4.58
flsbk,2001-12-17,40,5.5,7.5,4.58
flsbk,2002-12-27,40,5.5,7.5,4.58
flsbk,2003-06-09,40,5.5,7.5,4.58
flsbk,2003-07-14,40,5.5,7.5,4.58
txsbk,2000-07-03,36,4.3,6.9,4.57
txsbk,2004-06-01,36,4.3,6.9,4.57
njbk,1998-02-09,6,1.6,1.0,4.52
njbk,2025-04-03,6,1.6,1.0,4.52
njbk,2025-08-14,6,1.6,1.0,4.52
ncebk,2025-04-14,4,1.2,0.6,4.51
ilnbk,1999-01-06,27,2.9,5.3,4.51
mabk,2005-09-30,17,2.1,3.3,4.5
paebk,2024-02-29,5,1.4,0.8,4.5
paebk,2025-01-30,5,1.4,0.8,4.5
flsbk,2001-07-09,39,5.5,7.5,4.45
flsbk,2002-06-25,39,5.5,7.5,4.45
flsbk,2002-12-06,39,5.5,7.5,4.45
flsbk,2003-02-25,39,5.5,7.5,4.45
flsbk,2003-03-07,39,5.5,7.5,4.45
flsbk,2005-10-11,39,5.5,7.5,4.45
txsbk,2000-12-04,35,4.3,6.9,4.43
txsbk,2004-09-01,35,4.3,6.9,4.43
moebk,2002-12-18,9,1.9,1.6,4.39
moebk,2003-02-18,9,1.9,1.6,4.39
moebk,2003-03-12,9,1.9,1.6,4.39
arwbk,1999-12-27,3,1.1,0.4,4.37
arwbk,2002-12-30,3,1.1,0.4,4.37
arwbk,2003-03-17,3,1.1,0.4,4.37
arwbk,2003-06-12,3,1.1,0.4,4.37
arwbk,2004-02-03,3,1.1,0.4,4.37
arwbk,2024-09-18,3,1.1,0.4,4.37
arwbk,2025-07-29,3,1.1,0.4,4.37
arwbk,2025-07-31,3,1.1,0.4,4.37
ksbk,2006-07-31,26,5.2,4.8,4.37
ksbk,2013-07-31,26,5.2,4.8,4.37
mnbk,2011-08-10,3,1.2,0.4,4.36
mnbk,2012-02-24,3,1.2,0.4,4.36
mnbk,2013-07-12,3,1.2,0.4,4.36
mnbk,2015-07-24,3,1.2,0.4,4.36
mnbk,2015-10-20,3,1.2,0.4,4.36
alnbk,2018-02-01,4,1.2,0.6,4.33
alnbk,2018-07-03,4,1.2,0.6,4.33
alnbk,2019-02-28,4,1.2,0.6,4.33
alnbk,2019-09-12,4,1.2,0.6,4.33
alnbk,2024-12-06,4,1.2,0.6,4.33
ilnbk,1998-02-18,26,2.9,5.3,4.32
ilnbk,1998-10-28,26,2.9,5.3,4.32
wiebk,2003-03-14,7,1.7,1.2,4.32
wiebk,2003-03-27,7,1.7,1.2,4.32
wiebk,2003-04-10,7,1.7,1.2,4.32
wiebk,2003-04-21,7,1.7,1.2,4.32
wiebk,2007-04-30,7,1.7,1.2,4.32
mdbk,2025-01-14,5,1.2,0.9,4.32
mdbk,2025-07-01,5,1.2,0.9,4.32
flsbk,2001-09-04,38,5.5,7.5,4.31
flsbk,2002-11-01,38,5.5,7.5,4.31
flsbk,2003-09-29,38,5.5,7.5,4.31
flsbk,2003-10-14,38,5.5,7.5,4.31
flsbk,2019-05-17,38,5.5,7.5,4.31
cacbk,1994-08-24,10,2.4,1.8,4.3
cacbk,2014-05-30,10,2.4,1.8,4.3
cacbk,2016-01-22,10,2.4,1.8,4.3
cacbk,2017-07-26,10,2.4,1.8,4.3
cacbk,2018-02-16,10,2.4,1.8,4.3
cacbk,2018-12-07,10,2.4,1.8,4.3
txsbk,2002-11-04,34,4.3,6.9,4.29
txsbk,2005-05-02,34,4.3,6.9,4.29
txsbk,2006-11-06,34,4.3,6.9,4.29
flmbk,2003-05-02,9,2.0,1.6,4.27
flmbk,2003-05-20,9,2.0,1.6,4.27
flmbk,2024-10-23,9,2.0,1.6,4.27
flmbk,2024-10-31,9,2.0,1.6,4.27
flmbk,2025-01-31,9,2.0,1.6,4.27
flmbk,2025-06-27,9,2.0,1.6,4.27
flmbk,2025-07-29,9,2.0,1.6,4.27
flmbk,2025-11-26,9,2.0,1.6,4.27
flmbk,2025-12-16,9,2.0,1.6,4.27
flmbk,2026-01-14,9,2.0,1.6,4.27
flmbk,2026-02-20,9,2.0,1.6,4.27
flmbk,2026-03-05,9,2.0,1.6,4.27
ganbk,2022-02-17,6,1.5,1.1,4.25
ganbk,2023-12-11,6,1.5,1.1,4.25
ganbk,2024-01-05,6,1.5,1.1,4.25
ganbk,2024-02-05,6,1.5,1.1,4.25
ganbk,2024-08-06,6,1.5,1.1,4.25
ganbk,2024-09-03,6,1.5,1.1,4.25
ganbk,2024-09-30,6,1.5,1.1,4.25
ganbk,2024-11-22,6,1.5,1.1,4.25
ganbk,2025-10-06,6,1.5,1.1,4.25
ganbk,2025-12-02,6,1.5,1.1,4.25
ganbk,2026-01-23,6,1.5,1.1,4.25
flsbk,2002-03-25,37,5.5,7.5,4.18
flsbk,2002-04-08,37,5.5,7.5,4.18
flsbk,2002-06-07,37,5.5,7.5,4.18
flsbk,2002-07-24,37,5.5,7.5,4.18
miebk,2018-05-31,4,1.3,0.7,4.18
miebk,2019-01-28,4,1.3,0.7,4.18
miebk,2019-04-04,4,1.3,0.7,4.18
miebk,2019-04-29,4,1.3,0.7,4.18
ksbk,2005-09-13,25,5.2,4.8,4.16
ksbk,2005-09-21,25,5.2,4.8,4.16
ksbk,2005-10-04,25,5.2,4.8,4.16
kyebk,2019-06-16,5,1.3,0.9,4.16
txsbk,1997-04-01,33,4.3,6.9,4.14
txsbk,2006-05-01,33,4.3,6.9,4.14
txsbk,2006-07-03,33,4.3,6.9,4.14
txsbk,2008-03-03,33,4.3,6.9,4.14
ilnbk,1998-01-14,25,2.9,5.3,4.14
ilnbk,1998-03-04,25,2.9,5.3,4.14
ilnbk,1998-09-30,25,2.9,5.3,4.14
ilnbk,1998-10-21,25,2.9,5.3,4.14
ilnbk,1998-12-02,25,2.9,5.3,4.14
ilnbk,1999-01-13,25,2.9,5.3,4.14
mowbk,2007-07-25,28,5.4,5.5,4.12
mowbk,2008-05-28,28,5.4,5.5,4.12
nyebk,2005-06-21,12,2.5,2.3,4.06
flsbk,2002-03-11,36,5.5,7.5,4.05
flsbk,2002-07-16,36,5.5,7.5,4.05
flsbk,2003-03-25,36,5.5,7.5,4.05
flsbk,2003-04-11,36,5.5,7.5,4.05
flsbk,2003-06-16,36,5.5,7.5,4.05
flsbk,2003-09-02,36,5.5,7.5,4.05
flsbk,2019-06-28,36,5.5,7.5,4.05
caebk,1999-01-06,5,1.4,0.9,4.05
caebk,1999-01-13,5,1.4,0.9,4.05
caebk,2009-08-31,5,1.4,0.9,4.05
caebk,2010-07-30,5,1.4,0.9,4.05
caebk,2010-10-27,5,1.4,0.9,4.05
caebk,2011-09-30,5,1.4,0.9,4.05
caebk,2016-04-14,5,1.4,0.9,4.05
caebk,2016-04-29,5,1.4,0.9,4.05
caebk,2016-08-31,5,1.4,0.9,4.05
ohnbk,2003-03-14,9,2.0,1.7,4.02
ohnbk,2003-04-25,9,2.0,1.7,4.02
ohnbk,2003-07-09,9,2.0,1.7,4.02
ohnbk,2003-08-06,9,2.0,1.7,4.02
ohnbk,2003-08-21,9,2.0,1.7,4.02
ohnbk,2003-09-11,9,2.0,1.7,4.02
ohnbk,2006-06-19,9,2.0,1.7,4.02
txsbk,2000-08-01,32,4.3,6.9,4.0
txsbk,2004-01-03,32,4.3,6.9,4.0
innbk,2016-01-25,4,1.3,0.7,3.96
innbk,2017-06-28,4,1.3,0.7,3.96
innbk,2018-09-28,4,1.3,0.7,3.96
innbk,2019-02-11,4,1.3,0.7,3.96
innbk,2019-04-30,4,1.3,0.7,3.96
innbk,2019-05-22,4,1.3,0.7,3.96
innbk,2019-10-31,4,1.3,0.7,3.96
innbk,2021-03-31,4,1.3,0.7,3.96
innbk,2024-07-02,4,1.3,0.7,3.96
innbk,2024-10-07,4,1.3,0.7,3.96
innbk,2024-10-17,4,1.3,0.7,3.96
innbk,2024-11-26,4,1.3,0.7,3.96
innbk,2025-02-28,4,1.3,0.7,3.96
innbk,2025-03-19,4,1.3,0.7,3.96
ilnbk,1997-04-23,24,2.9,5.3,3.95
ilnbk,1998-01-21,24,2.9,5.3,3.95
ilnbk,1998-03-25,24,2.9,5.3,3.95
ilnbk,1999-01-27,24,2.9,5.3,3.95
ksbk,2003-08-27,24,5.2,4.8,3.95
ksbk,2016-11-30,24,5.2,4.8,3.95
mowbk,2006-04-07,27,5.4,5.5,3.94
mowbk,2017-02-28,27,5.4,5.5,3.94
scbk,2013-04-22,3,1.2,0.5,3.93
scbk,2018-10-15,3,1.2,0.5,3.93
scbk,2019-02-12,3,1.2,0.5,3.93
scbk,2019-03-12,3,1.2,0.5,3.93
scbk,2019-03-13,3,1.2,0.5,3.93
scbk,2019-04-03,3,1.2,0.5,3.93
scbk,2019-05-20,3,1.2,0.5,3.93
scbk,2019-05-31,3,1.2,0.5,3.93
scbk,2019-07-08,3,1.2,0.5,3.93
scbk,2019-09-19,3,1.2,0.5,3.93
scbk,2020-02-28,3,1.2,0.5,3.93
scbk,2024-06-20,3,1.2,0.5,3.93
scbk,2024-11-01,3,1.2,0.5,3.93
scbk,2025-06-11,3,1.2,0.5,3.93
flsbk,2000-11-13,35,5.5,7.5,3.92
flsbk,2002-06-14,35,5.5,7.5,3.92
flsbk,2002-09-09,35,5.5,7.5,3.92
flsbk,2002-09-20,35,5.5,7.5,3.92
flsbk,2002-10-07,35,5.5,7.5,3.92
flsbk,2002-12-20,35,5.5,7.5,3.92
flsbk,2005-10-12,35,5.5,7.5,3.92
flsbk,2024-11-25,35,5.5,7.5,3.92
mabk,2005-10-13,15,2.1,3.3,3.9
mabk,2009-01-23,15,2.1,3.3,3.9
txsbk,1997-03-03,31,4.3,6.9,3.85
txsbk,2001-02-01,31,4.3,6.9,3.85
txsbk,2003-01-06,31,4.3,6.9,3.85
txsbk,2004-01-02,31,4.3,6.9,3.85
txsbk,2004-09-04,31,4.3,6.9,3.85
txsbk,2009-11-30,31,4.3,6.9,3.85
tnwbk,2003-10-27,5,1.4,1.0,3.81
tnwbk,2003-11-18,5,1.4,1.0,3.81
tnwbk,2004-04-07,5,1.4,1.0,3.81
tnwbk,2004-04-12,5,1.4,1.0,3.81
tnwbk,2004-11-07,5,1.4,1.0,3.81
tnwbk,2004-11-27,5,1.4,1.0,3.81
tnwbk,2023-11-10,5,1.4,1.0,3.81
nvbk,2011-03-23,4,1.3,0.7,3.8
nvbk,2012-08-09,4,1.3,0.7,3.8
nvbk,2013-04-05,4,1.3,0.7,3.8
flsbk,2001-05-30,34,5.5,7.5,3.78
flsbk,2001-08-27,34,5.5,7.5,3.78
flsbk,2001-10-15,34,5.5,7.5,3.78
flsbk,2002-03-19,34,5.5,7.5,3.78
flsbk,2002-08-09,34,5.5,7.5,3.78
flsbk,2002-11-19,34,5.5,7.5,3.78
flsbk,2003-01-24,34,5.5,7.5,3.78
flsbk,2003-05-05,34,5.5,7.5,3.78
moebk,1996-05-10,8,1.9,1.6,3.77
moebk,1997-04-25,8,1.9,1.6,3.77
moebk,2003-01-21,8,1.9,1.6,3.77
moebk,2003-01-29,8,1.9,1.6,3.77
moebk,2003-03-13,8,1.9,1.6,3.77
ilnbk,1999-08-12,23,2.9,5.3,3.76
mowbk,2007-02-28,26,5.4,5.5,3.76
mowbk,2007-07-11,26,5.4,5.5,3.76
mowbk,2007-10-31,26,5.4,5.5,3.76
kywbk,2019-09-20,3,1.2,0.5,3.74
kywbk,2021-02-24,3,1.2,0.5,3.74
kywbk,2021-09-30,3,1.2,0.5,3.74
kywbk,2022-12-09,3,1.2,0.5,3.74
kywbk,2023-01-31,3,1.2,0.5,3.74
kywbk,2023-04-14,3,1.2,0.5,3.74
kywbk,2023-04-24,3,1.2,0.5,3.74
kywbk,2023-09-22,3,1.2,0.5,3.74
kywbk,2023-09-29,3,1.2,0.5,3.74
kywbk,2023-11-02,3,1.2,0.5,3.74
ksbk,2005-05-10,23,5.2,4.8,3.74
ksbk,2005-06-28,23,5.2,4.8,3.74
ksbk,2005-10-03,23,5.2,4.8,3.74
cacbk,2014-07-18,9,2.4,1.8,3.74
cacbk,2016-05-19,9,2.4,1.8,3.74
cacbk,2016-08-12,9,2.4,1.8,3.74
cacbk,2017-02-03,9,2.4,1.8,3.74
cacbk,2019-01-04,9,2.4,1.8,3.74
cacbk,2019-03-21,9,2.4,1.8,3.74
cacbk,2019-04-25,9,2.4,1.8,3.74
cacbk,2019-06-13,9,2.4,1.8,3.74
cacbk,2019-08-30,9,2.4,1.8,3.74
cacbk,2020-01-17,9,2.4,1.8,3.74
cacbk,2020-03-19,9,2.4,1.8,3.74
txsbk,1998-05-04,30,4.3,6.9,3.71
txsbk,2003-03-28,30,4.3,6.9,3.71
insbk,2018-10-17,4,1.4,0.7,3.7
insbk,2018-10-31,4,1.4,0.7,3.7
insbk,2018-11-30,4,1.4,0.7,3.7
insbk,2019-11-08,4,1.4,0.7,3.7
insbk,2020-07-31,4,1.4,0.7,3.7
insbk,2021-11-23,4,1.4,0.7,3.7
insbk,2022-07-26,4,1.4,0.7,3.7
insbk,2022-11-23,4,1.4,0.7,3.7
insbk,2023-03-31,4,1.4,0.7,3.7
insbk,2023-04-03,4,1.4,0.7,3.7
insbk,2023-05-31,4,1.4,0.7,3.7
insbk,2023-07-28,4,1.4,0.7,3.7
insbk,2023-08-18,4,1.4,0.7,3.7
insbk,2023-09-29,4,1.4,0.7,3.7
insbk,2023-10-19,4,1.4,0.7,3.7
insbk,2024-03-22,4,1.4,0.7,3.7
insbk,2024-04-30,4,1.4,0.7,3.7
insbk,2024-05-21,4,1.4,0.7,3.7
insbk,2024-06-17,4,1.4,0.7,3.7
insbk,2024-07-24,4,1.4,0.7,3.7
insbk,2024-08-06,4,1.4,0.7,3.7
insbk,2024-08-28,4,1.4,0.7,3.7
insbk,2024-09-23,4,1.4,0.7,3.7
insbk,2024-11-26,4,1.4,0.7,3.7
insbk,2025-01-23,4,1.4,0.7,3.7
insbk,2025-03-27,4,1.4,0.7,3.7
insbk,2025-09-12,4,1.4,0.7,3.7
flmbk,2003-02-18,8,2.0,1.6,3.66
flmbk,2003-04-25,8,2.0,1.6,3.66
flmbk,2004-01-12,8,2.0,1.6,3.66
flmbk,2005-10-12,8,2.0,1.6,3.66
flmbk,2023-03-29,8,2.0,1.6,3.66
flmbk,2023-08-31,8,2.0,1.6,3.66
flmbk,2025-03-28,8,2.0,1.6,3.66
flmbk,2025-04-30,8,2.0,1.6,3.66
flmbk,2025-06-12,8,2.0,1.6,3.66
flmbk,2025-07-14,8,2.0,1.6,3.66
flmbk,2025-09-16,8,2.0,1.6,3.66
flmbk,2025-10-27,8,2.0,1.6,3.66
flmbk,2025-12-30,8,2.0,1.6,3.66
flmbk,2025-12-31,8,2.0,1.6,3.66
flmbk,2026-01-29,8,2.0,1.6,3.66
flmbk,2026-02-28,8,2.0,1.6,3.66
flsbk,2001-12-31,33,5.5,7.5,3.65
flsbk,2002-02-11,33,5.5,7.5,3.65
flsbk,2002-11-25,33,5.5,7.5,3.65
flsbk,2002-12-16,33,5.5,7.5,3.65
flsbk,2003-01-03,33,5.5,7.5,3.65
flsbk,2003-07-07,33,5.5,7.5,3.65
flsbk,2003-08-18,33,5.5,7.5,3.65
flsbk,2010-08-31,33,5.5,7.5,3.65
flsbk,2012-12-21,33,5.5,7.5,3.65
nyebk,2003-08-12,11,2.5,2.3,3.63
nyebk,2005-09-20,11,2.5,2.3,3.63
nyebk,2005-10-03,11,2.5,2.3,3.63
mabk,2008-03-05,14,2.1,3.3,3.59
mabk,2009-01-20,14,2.1,3.3,3.59
ilnbk,1997-11-19,22,2.9,5.3,3.58
ilnbk,1998-02-25,22,2.9,5.3,3.58
ilnbk,1998-03-18,22,2.9,5.3,3.58
ilnbk,1998-05-06,22,2.9,5.3,3.58
ilnbk,1999-08-19,22,2.9,5.3,3.58
ilnbk,1999-09-16,22,2.9,5.3,3.58
ilnbk,2000-03-02,22,2.9,5.3,3.58
ilnbk,2000-03-09,22,2.9,5.3,3.58
mowbk,2007-01-30,25,5.4,5.5,3.58
mowbk,2009-04-29,25,5.4,5.5,3.58
txsbk,1997-05-05,29,4.3,6.9,3.56
txsbk,1998-09-01,29,4.3,6.9,3.56
txsbk,2004-05-02,29,4.3,6.9,3.56
txsbk,2004-09-02,29,4.3,6.9,3.56
txsbk,2005-01-28,29,4.3,6.9,3.56
txsbk,2007-10-01,29,4.3,6.9,3.56
wiwbk,2014-07-31,2,1.1,0.3,3.56
wiwbk,2015-08-31,2,1.1,0.3,3.56
wiwbk,2016-07-07,2,1.1,0.3,3.56
ksbk,2004-11-01,22,5.2,4.8,3.53
ksbk,2005-04-07,22,5.2,4.8,3.53
ksbk,2008-08-28,22,5.2,4.8,3.53
ksbk,2020-05-27,22,5.2,4.8,3.53
ncmbk,2025-12-17,4,1.3,0.8,3.52
ncmbk,2025-12-30,4,1.3,0.8,3.52
ncmbk,2026-02-05,4,1.3,0.8,3.52
flsbk,2002-04-04,32,5.5,7.5,3.52
flsbk,2002-05-14,32,5.5,7.5,3.52
flsbk,2003-04-22,32,5.5,7.5,3.52
flsbk,2003-05-12,32,5.5,7.5,3.52
flsbk,2003-11-14,32,5.5,7.5,3.52
wiebk,2002-10-28,6,1.7,1.2,3.51
wiebk,2002-11-15,6,1.7,1.2,3.51
wiebk,2002-11-20,6,1.7,1.2,3.51
wiebk,2003-04-03,6,1.7,1.2,3.51
wiebk,2003-04-11,6,1.7,1.2,3.51
wiebk,2003-04-17,6,1.7,1.2,3.51
wiebk,2003-04-24,6,1.7,1.2,3.51
wiebk,2003-05-05,6,1.7,1.2,3.51
wiebk,2003-05-07,6,1.7,1.2,3.51
wiebk,2003-05-19,6,1.7,1.2,3.51
wiebk,2007-04-20,6,1.7,1.2,3.51
wiebk,2007-06-11,6,1.7,1.2,3.51
wiebk,2007-06-18,6,1.7,1.2,3.51
cobk,1998-08-04,4,1.5,0.7,3.5
cobk,1999-11-12,4,1.5,0.7,3.5
njbk,2018-11-30,5,1.6,1.0,3.5
njbk,2024-12-16,5,1.6,1.0,3.5
njbk,2025-06-18,5,1.6,1.0,3.5
njbk,2025-08-21,5,1.6,1.0,3.5
njbk,2025-09-15,5,1.6,1.0,3.5
njbk,2025-09-25,5,1.6,1.0,3.5
njbk,2025-09-29,5,1.6,1.0,3.5
njbk,2025-10-16,5,1.6,1.0,3.5
njbk,2025-10-24,5,1.6,1.0,3.5
njbk,2025-12-01,5,1.6,1.0,3.5
njbk,2026-01-07,5,1.6,1.0,3.5
njbk,2026-02-04,5,1.6,1.0,3.5
nywbk,1990-09-14,2,1.1,0.3,3.49
nywbk,1991-11-15,2,1.1,0.3,3.49
nywbk,1991-12-13,2,1.1,0.3,3.49
nywbk,2001-09-04,2,1.1,0.3,3.49
nywbk,2003-11-21,2,1.1,0.3,3.49
ohnbk,1993-12-10,8,2.0,1.7,3.44
ohnbk,2003-02-19,8,2.0,1.7,3.44
ohnbk,2003-03-12,8,2.0,1.7,3.44
ohnbk,2003-03-19,8,2.0,1.7,3.44
ohnbk,2003-03-25,8,2.0,1.7,3.44
ohnbk,2003-04-29,8,2.0,1.7,3.44
ohnbk,2003-05-22,8,2.0,1.7,3.44
ohnbk,2003-07-01,8,2.0,1.7,3.44
ohnbk,2003-07-22,8,2.0,1.7,3.44
ohnbk,2003-07-29,8,2.0,1.7,3.44
ohnbk,2003-08-07,8,2.0,1.7,3.44
ohnbk,2003-08-13,8,2.0,1.7,3.44
ohnbk,2003-09-03,8,2.0,1.7,3.44
ohnbk,2003-09-09,8,2.0,1.7,3.44
ohnbk,2003-10-01,8,2.0,1.7,3.44
ohnbk,2003-10-31,8,2.0,1.7,3.44
ohnbk,2014-08-13,8,2.0,1.7,3.44
ohnbk,2014-11-19,8,2.0,1.7,3.44
ohnbk,2014-12-31,8,2.0,1.7,3.44
ohnbk,2015-03-11,8,2.0,1.7,3.44
ohnbk,2016-02-24,8,2.0,1.7,3.44
azbk,2004-07-09,3,1.2,0.5,3.44
azbk,2004-10-01,3,1.2,0.5,3.44
txsbk,1997-02-03,28,4.3,6.9,3.42
txsbk,1997-10-06,28,4.3,6.9,3.42
txsbk,2000-12-01,28,4.3,6.9,3.42
txsbk,2000-12-28,28,4.3,6.9,3.42
txsbk,2005-09-01,28,4.3,6.9,3.42
txsbk,2005-10-12,28,4.3,6.9,3.42
txsbk,2006-12-04,28,4.3,6.9,3.42
txsbk,2010-04-05,28,4.3,6.9,3.42
mowbk,2004-08-17,24,5.4,5.5,3.39
mowbk,2005-10-03,24,5.4,5.5,3.39
mowbk,2005-10-07,24,5.4,5.5,3.39
mowbk,2006-10-25,24,5.4,5.5,3.39
mowbk,2007-06-13,24,5.4,5.5,3.39
mowbk,2008-02-27,24,5.4,5.5,3.39
ilnbk,1998-01-07,21,2.9,5.3,3.39
ilnbk,1998-10-14,21,2.9,5.3,3.39
ilnbk,1999-12-09,21,2.9,5.3,3.39
ilnbk,2000-03-16,21,2.9,5.3,3.39
ilnbk,2000-03-23,21,2.9,5.3,3.39
flsbk,2000-11-27,31,5.5,7.5,3.39
flsbk,2002-02-25,31,5.5,7.5,3.39
flsbk,2002-04-24,31,5.5,7.5,3.39
flsbk,2002-06-24,31,5.5,7.5,3.39
flsbk,2002-10-01,31,5.5,7.5,3.39
flsbk,2002-10-04,31,5.5,7.5,3.39
flsbk,2002-10-21,31,5.5,7.5,3.39
flsbk,2002-12-03,31,5.5,7.5,3.39
flsbk,2003-01-14,31,5.5,7.5,3.39
flsbk,2003-02-28,31,5.5,7.5,3.39
flsbk,2003-03-19,31,5.5,7.5,3.39
flsbk,2018-06-29,31,5.5,7.5,3.39
ilcbk,2005-01-07,2,1.1,0.3,3.38
ilcbk,2008-08-08,2,1.1,0.3,3.38
ilcbk,2017-10-11,2,1.1,0.3,3.38
ilcbk,2019-11-21,2,1.1,0.3,3.38
ilcbk,2020-02-06,2,1.1,0.3,3.38
nysbk,2005-10-16,7,1.3,1.7,3.36
ksbk,2003-11-12,21,5.2,4.8,3.32
ksbk,2012-02-29,21,5.2,4.8,3.32
ganbk,2011-06-06,5,1.5,1.1,3.31
ganbk,2013-10-05,5,1.5,1.1,3.31
ganbk,2021-10-05,5,1.5,1.1,3.31
ganbk,2023-12-04,5,1.5,1.1,3.31
ganbk,2024-03-04,5,1.5,1.1,3.31
ganbk,2024-06-11,5,1.5,1.1,3.31
ganbk,2024-08-05,5,1.5,1.1,3.31
ganbk,2024-09-09,5,1.5,1.1,3.31
ganbk,2024-10-30,5,1.5,1.1,3.31
ganbk,2024-12-02,5,1.5,1.1,3.31
ganbk,2025-01-06,5,1.5,1.1,3.31
ganbk,2025-02-04,5,1.5,1.1,3.31
ganbk,2025-06-02,5,1.5,1.1,3.31
ganbk,2025-07-21,5,1.5,1.1,3.31
ganbk,2025-08-29,5,1.5,1.1,3.31
ganbk,2025-11-03,5,1.5,1.1,3.31
mabk,2009-02-09,13,2.1,3.3,3.29
almbk,2016-05-20,3,1.2,0.5,3.29
almbk,2019-01-14,3,1.2,0.5,3.29
almbk,2019-08-02,3,1.2,0.5,3.29
almbk,2019-09-20,3,1.2,0.5,3.29
almbk,2019-10-11,3,1.2,0.5,3.29
almbk,2020-11-19,3,1.2,0.5,3.29
almbk,2021-09-21,3,1.2,0.5,3.29
almbk,2025-01-10,3,1.2,0.5,3.29
almbk,2025-01-28,3,1.2,0.5,3.29
almbk,2025-05-06,3,1.2,0.5,3.29
almbk,2025-05-07,3,1.2,0.5,3.29
almbk,2025-06-12,3,1.2,0.5,3.29
almbk,2025-12-11,3,1.2,0.5,3.29
almbk,2025-12-17,3,1.2,0.5,3.29
almbk,2026-01-12,3,1.2,0.5,3.29
txsbk,2001-03-05,27,4.3,6.9,3.28
txsbk,2002-08-05,27,4.3,6.9,3.28
txsbk,2005-01-01,27,4.3,6.9,3.28
txsbk,2005-07-02,27,4.3,6.9,3.28
txsbk,2005-10-02,27,4.3,6.9,3.28
txsbk,2006-01-02,27,4.3,6.9,3.28
txsbk,2006-04-03,27,4.3,6.9,3.28
txsbk,2007-01-01,27,4.3,6.9,3.28
txsbk,2008-08-04,27,4.3,6.9,3.28
flsbk,2001-07-17,30,5.5,7.5,3.25
flsbk,2002-01-07,30,5.5,7.5,3.25
flsbk,2002-06-19,30,5.5,7.5,3.25
flsbk,2003-03-04,30,5.5,7.5,3.25
flsbk,2003-04-16,30,5.5,7.5,3.25
flsbk,2003-04-28,30,5.5,7.5,3.25
flsbk,2003-06-30,30,5.5,7.5,3.25
flsbk,2003-07-21,30,5.5,7.5,3.25
flsbk,2003-10-27,30,5.5,7.5,3.25
flsbk,2004-02-09,30,5.5,7.5,3.25
flsbk,2004-04-05,30,5.5,7.5,3.25
flsbk,2008-07-15,30,5.5,7.5,3.25
flsbk,2011-04-29,30,5.5,7.5,3.25
flsbk,2012-04-30,30,5.5,7.5,3.25
flsbk,2018-09-14,30,5.5,7.5,3.25
flsbk,2018-11-30,30,5.5,7.5,3.25
flsbk,2024-11-26,30,5.5,7.5,3.25
paebk,2018-05-15,4,1.4,0.8,3.24
paebk,2018-10-31,4,1.4,0.8,3.24
paebk,2019-05-15,4,1.4,0.8,3.24
paebk,2019-09-25,4,1.4,0.8,3.24
paebk,2020-01-09,4,1.4,0.8,3.24
paebk,2020-06-30,4,1.4,0.8,3.24
paebk,2020-12-31,4,1.4,0.8,3.24
paebk,2021-04-08,4,1.4,0.8,3.24
paebk,2022-12-05,4,1.4,0.8,3.24
paebk,2023-01-09,4,1.4,0.8,3.24
paebk,2023-03-15,4,1.4,0.8,3.24
paebk,2023-11-07,4,1.4,0.8,3.24
paebk,2024-03-22,4,1.4,0.8,3.24
paebk,2024-09-17,4,1.4,0.8,3.24
paebk,2024-09-30,4,1.4,0.8,3.24
paebk,2024-11-25,4,1.4,0.8,3.24
paebk,2025-01-03,4,1.4,0.8,3.24
paebk,2025-05-05,4,1.4,0.8,3.24
paebk,2025-08-04,4,1.4,0.8,3.24
paebk,2025-09-10,4,1.4,0.8,3.24
paebk,2025-09-24,4,1.4,0.8,3.24
paebk,2025-10-10,4,1.4,0.8,3.24
paebk,2025-10-14,4,1.4,0.8,3.24
paebk,2025-12-15,4,1.4,0.8,3.24
paebk,2025-12-26,4,1.4,0.8,3.24
mowbk,2004-04-20,23,5.4,5.5,3.21
mowbk,2005-08-31,23,5.4,5.5,3.21
mowbk,2005-10-08,23,5.4,5.5,3.21
mowbk,2015-09-30,23,5.4,5.5,3.21
mowbk,2016-09-28,23,5.4,5.5,3.21
mowbk,2025-02-21,23,5.4,5.5,3.21
ilnbk,1997-07-23,20,2.9,5.3,3.2
ilnbk,1999-11-04,20,2.9,5.3,3.2
nyebk,2003-03-13,10,2.5,2.3,3.2
nyebk,2005-04-13,10,2.5,2.3,3.2
nyebk,2005-10-11,10,2.5,2.3,3.2
mdbk,2025-05-06,4,1.2,0.9,3.18
cacbk,2010-05-03,8,2.4,1.8,3.17
cacbk,2014-10-29,8,2.4,1.8,3.17
cacbk,2015-09-11,8,2.4,1.8,3.17
cacbk,2016-01-27,8,2.4,1.8,3.17
cacbk,2016-05-27,8,2.4,1.8,3.17
cacbk,2016-09-16,8,2.4,1.8,3.17
cacbk,2016-09-21,8,2.4,1.8,3.17
cacbk,2017-02-17,8,2.4,1.8,3.17
cacbk,2017-02-27,8,2.4,1.8,3.17
cacbk,2017-03-10,8,2.4,1.8,3.17
cacbk,2017-04-05,8,2.4,1.8,3.17
cacbk,2017-07-20,8,2.4,1.8,3.17
cacbk,2017-08-11,8,2.4,1.8,3.17
cacbk,2017-09-15,8,2.4,1.8,3.17
cacbk,2017-10-18,8,2.4,1.8,3.17
cacbk,2017-12-22,8,2.4,1.8,3.17
cacbk,2018-04-20,8,2.4,1.8,3.17
cacbk,2018-05-09,8,2.4,1.8,3.17
cacbk,2018-08-16,8,2.4,1.8,3.17
cacbk,2018-12-14,8,2.4,1.8,3.17
cacbk,2019-05-07,8,2.4,1.8,3.17
cacbk,2019-05-20,8,2.4,1.8,3.17
cacbk,2019-05-23,8,2.4,1.8,3.17
cacbk,2019-06-06,8,2.4,1.8,3.17
cacbk,2019-07-19,8,2.4,1.8,3.17
cacbk,2019-12-31,8,2.4,1.8,3.17
cacbk,2020-06-04,8,2.4,1.8,3.17
moebk,1988-11-22,7,1.9,1.6,3.16
moebk,1990-03-02,7,1.9,1.6,3.16
moebk,2001-12-28,7,1.9,1.6,3.16
moebk,2002-12-27,7,1.9,1.6,3.16
moebk,2003-02-19,7,1.9,1.6,3.16
moebk,2003-10-31,7,1.9,1.6,3.16
txsbk,1997-11-03,26,4.3,6.9,3.13
txsbk,1997-12-01,26,4.3,6.9,3.13
txsbk,1998-08-03,26,4.3,6.9,3.13
txsbk,2003-06-30,26,4.3,6.9,3.13
txsbk,2004-12-03,26,4.3,6.9,3.13
txsbk,2005-07-01,26,4.3,6.9,3.13
txsbk,2005-09-03,26,4.3,6.9,3.13
txsbk,2005-10-04,26,4.3,6.9,3.13
txsbk,2005-10-08,26,4.3,6.9,3.13
txsbk,2008-06-30,26,4.3,6.9,3.13
txsbk,2009-11-02,26,4.3,6.9,3.13
txsbk,2010-11-01,26,4.3,6.9,3.13
txsbk,2011-05-02,26,4.3,6.9,3.13
txsbk,2015-05-04,26,4.3,6.9,3.13
ohsbk,2020-02-12,4,1.2,0.9,3.13
ohsbk,2021-06-21,4,1.2,0.9,3.13
ohsbk,2022-08-19,4,1.2,0.9,3.13
ohsbk,2023-08-18,4,1.2,0.9,3.13
ohsbk,2025-05-16,4,1.2,0.9,3.13
ohsbk,2025-12-08,4,1.2,0.9,3.13
flsbk,2001-01-31,29,5.5,7.5,3.12
flsbk,2002-02-19,29,5.5,7.5,3.12
flsbk,2002-04-22,29,5.5,7.5,3.12
flsbk,2002-05-06,29,5.5,7.5,3.12
flsbk,2002-08-19,29,5.5,7.5,3.12
flsbk,2003-02-21,29,5.5,7.5,3.12
flsbk,2003-04-15,29,5.5,7.5,3.12
flsbk,2003-05-19,29,5.5,7.5,3.12
flsbk,2003-09-15,29,5.5,7.5,3.12
flsbk,2010-02-22,29,5.5,7.5,3.12
flsbk,2013-09-06,29,5.5,7.5,3.12
flsbk,2019-02-28,29,5.5,7.5,3.12
ksbk,2004-06-22,20,5.2,4.8,3.11
ksbk,2005-04-15,20,5.2,4.8,3.11
ksbk,2005-10-07,20,5.2,4.8,3.11
ksbk,2007-06-27,20,5.2,4.8,3.11
ksbk,2007-10-31,20,5.2,4.8,3.11
ksbk,2015-03-31,20,5.2,4.8,3.11
ksbk,2016-08-31,20,5.2,4.8,3.11
ksbk,2017-11-30,20,5.2,4.8,3.11
ksbk,2019-04-30,20,5.2,4.8,3.11
flmbk,2003-04-02,7,2.0,1.6,3.05
flmbk,2003-04-29,7,2.0,1.6,3.05
flmbk,2003-05-13,7,2.0,1.6,3.05
flmbk,2003-06-10,7,2.0,1.6,3.05
flmbk,2003-06-23,7,2.0,1.6,3.05
flmbk,2003-07-31,7,2.0,1.6,3.05
flmbk,2003-10-17,7,2.0,1.6,3.05
flmbk,2003-10-31,7,2.0,1.6,3.05
flmbk,2004-04-05,7,2.0,1.6,3.05
flmbk,2004-06-14,7,2.0,1.6,3.05
flmbk,2010-02-09,7,2.0,1.6,3.05
flmbk,2023-06-30,7,2.0,1.6,3.05
flmbk,2023-08-14,7,2.0,1.6,3.05
flmbk,2024-06-11,7,2.0,1.6,3.05
flmbk,2024-08-28,7,2.0,1.6,3.05
flmbk,2025-03-31,7,2.0,1.6,3.05
flmbk,2025-04-01,7,2.0,1.6,3.05
flmbk,2025-04-29,7,2.0,1.6,3.05
flmbk,2025-06-24,7,2.0,1.6,3.05
flmbk,2025-06-26,7,2.0,1.6,3.05
flmbk,2025-07-17,7,2.0,1.6,3.05
flmbk,2025-08-15,7,2.0,1.6,3.05
flmbk,2025-09-17,7,2.0,1.6,3.05
flmbk,2025-09-29,7,2.0,1.6,3.05
flmbk,2025-10-07,7,2.0,1.6,3.05
flmbk,2026-03-04,7,2.0,1.6,3.05
flmbk,2026-03-12,7,2.0,1.6,3.05
kyebk,2019-06-19,4,1.3,0.9,3.04
kyebk,2019-10-04,4,1.3,0.9,3.04
kyebk,2020-01-24,4,1.3,0.9,3.04
kyebk,2020-03-10,4,1.3,0.9,3.04
kyebk,2020-05-30,4,1.3,0.9,3.04
kyebk,2024-12-17,4,1.3,0.9,3.04
mowbk,2003-10-07,22,5.4,5.5,3.03
mowbk,2004-09-14,22,5.4,5.5,3.03
mowbk,2004-12-07,22,5.4,5.5,3.03
mowbk,2005-09-07,22,5.4,5.5,3.03
mowbk,2006-02-28,22,5.4,5.5,3.03
mowbk,2006-05-31,22,5.4,5.5,3.03
mowbk,2007-01-31,22,5.4,5.5,3.03
mowbk,2007-03-28,22,5.4,5.5,3.03
mowbk,2008-04-30,22,5.4,5.5,3.03
mowbk,2010-08-31,22,5.4,5.5,3.03
mowbk,2013-07-31,22,5.4,5.5,3.03
mowbk,2014-09-30,22,5.4,5.5,3.03
ilnbk,1997-06-11,19,2.9,5.3,3.02
ilnbk,1997-11-05,19,2.9,5.3,3.02
ilnbk,1998-04-29,19,2.9,5.3,3.02
ilnbk,1998-05-27,19,2.9,5.3,3.02
ilnbk,1999-09-23,19,2.9,5.3,3.02
ilnbk,2019-03-22,19,2.9,5.3,3.02
flsbk,2002-05-13,28,5.5,7.5,2.99
flsbk,2002-07-12,28,5.5,7.5,2.99
flsbk,2003-04-14,28,5.5,7.5,2.99
flsbk,2003-08-04,28,5.5,7.5,2.99
flsbk,2011-09-30,28,5.5,7.5,2.99
flsbk,2012-02-29,28,5.5,7.5,2.99
flsbk,2012-10-31,28,5.5,7.5,2.99
flsbk,2012-12-05,28,5.5,7.5,2.99
flsbk,2013-03-07,28,5.5,7.5,2.99
flsbk,2018-10-31,28,5.5,7.5,2.99
flsbk,2019-05-31,28,5.5,7.5,2.99
flsbk,2025-03-07,28,5.5,7.5,2.99
mabk,2008-10-27,12,2.1,3.3,2.99
mabk,2008-10-29,12,2.1,3.3,2.99
mabk,2008-11-04,12,2.1,3.3,2.99
mabk,2009-01-22,12,2.1,3.3,2.99
txsbk,1997-08-04,25,4.3,6.9,2.99
txsbk,2004-10-01,25,4.3,6.9,2.99
txsbk,2005-01-31,25,4.3,6.9,2.99
txsbk,2005-10-11,25,4.3,6.9,2.99
txsbk,2008-02-04,25,4.3,6.9,2.99
txsbk,2010-10-04,25,4.3,6.9,2.99
txnbk,2026-01-25,18,1.7,5.6,2.9
txsbk,1999-12-06,24,4.3,6.9,2.84
txsbk,2000-12-29,24,4.3,6.9,2.84
txsbk,2003-10-06,24,4.3,6.9,2.84
txsbk,2003-10-07,24,4.3,6.9,2.84
txsbk,2004-08-17,24,4.3,6.9,2.84
txsbk,2004-09-06,24,4.3,6.9,2.84
txsbk,2004-10-02,24,4.3,6.9,2.84
txsbk,2005-07-04,24,4.3,6.9,2.84
txsbk,2005-10-06,24,4.3,6.9,2.84
txsbk,2005-12-05,24,4.3,6.9,2.84
txsbk,2007-12-03,24,4.3,6.9,2.84
txsbk,2010-03-01,24,4.3,6.9,2.84
txsbk,2010-05-03,24,4.3,6.9,2.84
txsbk,2010-05-28,24,4.3,6.9,2.84
txsbk,2011-02-28,24,4.3,6.9,2.84
txsbk,2013-12-02,24,4.3,6.9,2.84
txsbk,2015-11-02,24,4.3,6.9,2.84
ilnbk,1997-08-06,18,2.9,5.3,2.83
ilnbk,1997-08-27,18,2.9,5.3,2.83
ilnbk,1998-04-01,18,2.9,5.3,2.83
ilnbk,1999-07-15,18,2.9,5.3,2.83
ilnbk,2000-02-24,18,2.9,5.3,2.83
txsbk,1997-06-02,23,4.3,6.9,2.7
txsbk,2003-04-01,23,4.3,6.9,2.7
txsbk,2005-09-21,23,4.3,6.9,2.7
txsbk,2007-03-05,23,4.3,6.9,2.7
txsbk,2008-06-02,23,4.3,6.9,2.7
txsbk,2010-12-06,23,4.3,6.9,2.7
txsbk,2012-07-02,23,4.3,6.9,2.7
mabk,2008-05-08,11,2.1,3.3,2.69
ilnbk,1997-10-22,17,2.9,5.3,2.64
ilnbk,1997-12-10,17,2.9,5.3,2.64
ilnbk,1997-12-17,17,2.9,5.3,2.64
ilnbk,1998-03-11,17,2.9,5.3,2.64
ilnbk,1999-02-24,17,2.9,5.3,2.64
ilnbk,1999-09-02,17,2.9,5.3,2.64
ilnbk,2000-02-10,17,2.9,5.3,2.64
txsbk,1998-07-06,22,4.3,6.9,2.55
txsbk,2001-02-05,22,4.3,6.9,2.55
txsbk,2002-06-03,22,4.3,6.9,2.55
txsbk,2005-06-04,22,4.3,6.9,2.55
txsbk,2006-02-06,22,4.3,6.9,2.55
txsbk,2006-09-04,22,4.3,6.9,2.55
txsbk,2007-04-02,22,4.3,6.9,2.55
txsbk,2011-04-04,22,4.3,6.9,2.55
txsbk,2011-09-02,22,4.3,6.9,2.55
ilnbk,1997-02-19,16,2.9,5.3,2.45
ilnbk,1997-06-18,16,2.9,5.3,2.45
ilnbk,2000-10-19,16,2.9,5.3,2.45
ilnbk,1997-03-19,15,2.9,5.3,2.27
ilnbk,1997-03-26,15,2.9,5.3,2.27
ilnbk,1997-12-03,15,2.9,5.3,2.27
ilnbk,1999-06-10,15,2.9,5.3,2.27
ilnbk,2000-05-04,15,2.9,5.3,2.27
ilnbk,2000-11-02,15,2.9,5.3,2.27
ilnbk,2000-11-16,15,2.9,5.3,2.27
ilnbk,2009-10-23,15,2.9,5.3,2.27
ilnbk,2010-02-26,15,2.9,5.3,2.27
txnbk,2024-07-18,12,1.7,5.6,1.83
